"appName","fileId","subId","subId2","name"
"Tomcat8","17","19","0","K"
"Tomcat8","17","19","1","V"
"Tomcat8","138","22","0","V"
"Tomcat8","231","4","0","T"
"Tomcat8","231","5","0","T"
"Tomcat8","231","6","0","T"
"Tomcat8","231","7","0","T"
"Tomcat8","235","4","0","T"
"Tomcat8","235","5","0","T"
"Tomcat8","235","6","0","T"
"Tomcat8","235","7","0","T"
"Tomcat8","240","2","0","T"
"Tomcat8","240","3","0","T"
"Tomcat8","387","12","0","T"
"Tomcat8","399","12","0","T"
"Tomcat8","399","12","1","R"
"Tomcat8","399","13","0","T"
"Tomcat8","422","13","0","T"
"Tomcat8","468","1","0","T"
"Tomcat8","476","1","0","T"
"Tomcat8","477","1","0","T"
"Tomcat8","601","1","0","T"
"Tomcat8","727","1","0","K"
"Tomcat8","727","1","1","V"
"Tomcat8","727","73","0","K"
"Tomcat8","727","73","1","V"
"Tomcat8","728","1","0","K"
"Tomcat8","728","1","1","V"
"Tomcat8","729","1","0","K"
"Tomcat8","729","1","1","V"
"Tomcat8","764","1","0","UD"
"Tomcat8","765","1","0","UD"
"Tomcat8","766","1","0","UD"
"Tomcat8","783","1","0","K"
"Tomcat8","783","1","1","V"
"Tomcat8","785","1","0","T"
"Tomcat8","863","1","0","S"
"Tomcat8","863","100","0","S"
"Tomcat8","867","1","0","S"
"Tomcat8","880","1","0","S"
"Tomcat8","881","1","0","S"
"Tomcat8","914","1","0","T"
"Tomcat8","958","18","0","T"
"Tomcat8","1024","1","0","K"
"Tomcat8","1024","1","1","V"
"Tomcat8","1143","1","0","T"
"Tomcat8","1245","1","0","C"
"Tomcat8","1246","1","0","C"
"Tomcat8","1258","1","0","K"
"Tomcat8","1266","1","0","K"
"Tomcat8","1266","1","1","V"
"Tomcat8","1268","1","0","T"
"Tomcat8","1269","1","0","T"
"Tomcat8","1272","1","0","T"
"Tomcat8","1272","4","0","T"
"Tomcat8","1273","1","0","T"
"Tomcat8","1276","1","0","T"
"Tomcat8","1277","1","0","T"
"Tomcat8","1281","1","0","T"
"Tomcat8","1283","1","0","K"
"Tomcat8","1283","1","1","T"
"Tomcat8","1283","2","0","S"
"Tomcat8","1284","1","0","T"
"Tomcat8","1285","1","0","K"
"Tomcat8","1286","1","0","T"
"Tomcat8","1287","1","0","T"
"Tomcat8","1292","1","0","T"
"Tomcat8","1295","1","0","T"
"Tomcat8","1297","1","0","K"
"Tomcat8","1297","1","1","V"
"Tomcat8","1298","1","0","K"
"Tomcat8","1298","1","1","V"
"Tomcat8","1299","1","0","T"
"Tomcat8","1300","1","0","T"
"Tomcat8","1301","1","0","T"
"Tomcat8","1306","1","0","T"
"Tomcat8","1378","1","0","V"
"Tomcat8","1378","10","0","V"
"Tomcat8","1378","11","0","V"
"Tomcat8","1378","12","0","V"
"Tomcat8","1379","1","0","K"
"Tomcat8","1379","1","1","V"
"Tomcat8","1380","1","0","K"
"Tomcat8","1380","1","1","V"
"Tomcat8","1381","1","0","T"
"Tomcat8","1382","1","0","T"
"Tomcat8","1440","1","0","E"
"Tomcat8","1555","1","0","S"
"Tomcat8","1555","1","1","U"
"Tomcat8","1555","3","0","S"
"Tomcat8","1556","1","0","S"
"Tomcat8","1556","1","1","U"
"Tomcat8","1557","1","0","U"
"Tomcat8","1597","1","0","S"
"Tomcat8","1669","1","0","T"
"Tomcat8","1670","1","0","T"
"Tomcat8","1673","1","0","T"
