"appName","fileId","subId","subId2","classType","name"
"Tomcat8","16","1","0","class","ELResolver"
"Tomcat8","17","1","0","class","ELResolver"
"Tomcat8","18","1","0","class","ELResolver"
"Tomcat8","20","1","0","class","ELResolver"
"Tomcat8","20","16","0","interface","Iterator"
"Tomcat8","23","1","0","class","EventObject"
"Tomcat8","25","1","0","class","RuntimeException"
"Tomcat8","30","1","0","interface","Serializable"
"Tomcat8","33","18","0","interface","PrivilegedAction"
"Tomcat8","35","1","0","class","ELResolver"
"Tomcat8","36","1","0","class","ELResolver"
"Tomcat8","37","1","0","class","Expression"
"Tomcat8","39","1","0","class","ELException"
"Tomcat8","41","1","0","class","ELException"
"Tomcat8","42","1","0","class","ELException"
"Tomcat8","43","1","0","class","ELResolver"
"Tomcat8","44","1","0","class","ELContext"
"Tomcat8","44","17","0","class","VariableMapper"
"Tomcat8","44","18","0","class","BeanNameResolver"
"Tomcat8","44","19","0","class","FunctionMapper"
"Tomcat8","45","1","0","class","ELResolver"
"Tomcat8","46","1","0","class","ELResolver"
"Tomcat8","47","24","0","class","Wrapper"
"Tomcat8","47","25","0","class","Wrapper"
"Tomcat8","47","26","0","interface","Comparable"
"Tomcat8","47","27","0","interface","PrivilegedAction"
"Tomcat8","48","1","0","class","Expression"
"Tomcat8","49","1","0","interface","Serializable"
"Tomcat8","53","1","0","interface","MimePart"
"Tomcat8","65","1","0","class","LoginException"
"Tomcat8","67","1","0","interface","Callback"
"Tomcat8","68","1","0","interface","Callback"
"Tomcat8","69","1","0","interface","Callback"
"Tomcat8","70","1","0","interface","Callback"
"Tomcat8","71","1","0","interface","Callback"
"Tomcat8","71","11","0","interface","Request"
"Tomcat8","71","12","0","interface","Request"
"Tomcat8","71","13","0","interface","Request"
"Tomcat8","71","14","0","interface","Request"
"Tomcat8","72","1","0","interface","Callback"
"Tomcat8","72","9","0","interface","Request"
"Tomcat8","73","1","0","interface","Callback"
"Tomcat8","108","1","0","interface","Filter"
"Tomcat8","108","1","1","interface","FilterConfig"
"Tomcat8","108","1","2","interface","Serializable"
"Tomcat8","109","1","0","interface","Servlet"
"Tomcat8","109","1","1","interface","ServletConfig"
"Tomcat8","109","1","2","interface","java.io.Serializable"
"Tomcat8","110","1","0","interface","Cloneable"
"Tomcat8","110","1","1","interface","Serializable"
"Tomcat8","111","1","0","class","GenericFilter"
"Tomcat8","112","1","0","class","GenericServlet"
"Tomcat8","112","35","0","class","HttpServletResponseWrapper"
"Tomcat8","112","36","0","class","ServletOutputStream"
"Tomcat8","112","37","0","class","PrintWriter"
"Tomcat8","112","38","0","interface","AsyncListener"
"Tomcat8","121","1","0","class","HttpSessionEvent"
"Tomcat8","123","1","0","class","java.util.EventObject"
"Tomcat8","132","1","0","class","HttpConstraintElement"
"Tomcat8","133","1","0","class","Exception"
"Tomcat8","134","1","0","class","ELException"
"Tomcat8","138","1","0","class","ELResolver"
"Tomcat8","138","22","0","class","AbstractMap"
"Tomcat8","138","55","0","interface","Map.Entry"
"Tomcat8","139","1","0","class","ELResolver"
"Tomcat8","140","1","0","class","ELResolver"
"Tomcat8","141","1","0","class","ELResolver"
"Tomcat8","148","1","0","class","Exception"
"Tomcat8","151","1","0","class","JspException"
"Tomcat8","152","1","0","class","java.io.Writer"
"Tomcat8","153","1","0","class","JspContext"
"Tomcat8","154","1","0","class","JspException"
"Tomcat8","155","1","0","class","JspWriter"
"Tomcat8","166","1","0","interface","SimpleTag"
"Tomcat8","168","1","0","interface","Tag"
"Tomcat8","170","1","0","interface","Cloneable"
"Tomcat8","176","1","0","interface","IterationTag"
"Tomcat8","176","1","1","interface","Serializable"
"Tomcat8","190","1","0","class","ServletContextEvent"
"Tomcat8","192","1","0","class","java.util.EventObject"
"Tomcat8","194","1","0","class","Exception"
"Tomcat8","195","1","0","class","InputStream"
"Tomcat8","196","1","0","class","OutputStream"
"Tomcat8","199","1","0","class","ServletRequestEvent"
"Tomcat8","201","1","0","class","java.util.EventObject"
"Tomcat8","203","1","0","interface","ServletRequest"
"Tomcat8","205","1","0","interface","ServletResponse"
"Tomcat8","206","1","0","class","HttpConstraintElement"
"Tomcat8","209","1","0","class","ServletException"
"Tomcat8","211","1","0","class","java.lang.Exception"
"Tomcat8","212","1","0","class","java.lang.Exception"
"Tomcat8","213","1","0","class","java.lang.Exception"
"Tomcat8","214","1","0","class","java.rmi.RemoteException"
"Tomcat8","215","1","0","class","java.lang.Exception"
"Tomcat8","216","1","0","class","java.lang.Exception"
"Tomcat8","219","1","0","class","java.lang.Exception"
"Tomcat8","222","1","0","class","java.rmi.RemoteException"
"Tomcat8","223","1","0","class","java.rmi.RemoteException"
"Tomcat8","230","1","0","class","Exception"
"Tomcat8","232","1","0","interface","ClientEndpointConfig"
"Tomcat8","233","1","0","class","Exception"
"Tomcat8","234","1","0","class","Exception"
"Tomcat8","249","1","0","interface","ServerEndpointConfig"
"Tomcat8","255","29","0","interface","PrivilegedAction"
"Tomcat8","257","1","0","class","Exception"
"Tomcat8","262","1","0","class","AbstractCatalinaTask"
"Tomcat8","263","1","0","class","BaseRedirectorHelperTask"
"Tomcat8","263","22","0","class","Authenticator"
"Tomcat8","264","1","0","class","Task"
"Tomcat8","265","1","0","class","AbstractCatalinaCommandTask"
"Tomcat8","266","1","0","class","AbstractCatalinaTask"
"Tomcat8","267","1","0","class","AbstractCatalinaTask"
"Tomcat8","269","1","0","class","JMXAccessorConditionBase"
"Tomcat8","271","1","0","class","JMXAccessorTask"
"Tomcat8","272","1","0","class","JMXAccessorConditionBase"
"Tomcat8","273","1","0","class","JMXAccessorTask"
"Tomcat8","274","1","0","class","JMXAccessorTask"
"Tomcat8","275","1","0","class","JMXAccessorTask"
"Tomcat8","276","1","0","class","JMXAccessorTask"
"Tomcat8","277","1","0","class","BaseRedirectorHelperTask"
"Tomcat8","278","1","0","class","JMXAccessorTask"
"Tomcat8","279","1","0","class","AbstractCatalinaTask"
"Tomcat8","280","1","0","class","AbstractCatalinaTask"
"Tomcat8","281","1","0","class","AbstractCatalinaTask"
"Tomcat8","282","1","0","class","AbstractCatalinaTask"
"Tomcat8","283","1","0","class","AbstractCatalinaCommandTask"
"Tomcat8","284","1","0","class","AbstractCatalinaTask"
"Tomcat8","285","1","0","class","AbstractCatalinaTask"
"Tomcat8","286","1","0","class","AbstractCatalinaCommandTask"
"Tomcat8","287","1","0","class","AbstractCatalinaTask"
"Tomcat8","288","1","0","class","AbstractCatalinaCommandTask"
"Tomcat8","289","1","0","class","AbstractCatalinaCommandTask"
"Tomcat8","290","1","0","class","AbstractCatalinaTask"
"Tomcat8","291","1","0","class","AbstractCatalinaCommandTask"
"Tomcat8","292","1","0","class","BaseRedirectorHelperTask"
"Tomcat8","293","1","0","class","AbstractCatalinaTask"
"Tomcat8","296","1","0","class","AuthenticatorBase"
"Tomcat8","298","1","0","class","AuthenticatorBase"
"Tomcat8","299","1","0","class","AuthenticatorBase"
"Tomcat8","300","1","0","class","AuthConfigFactory"
"Tomcat8","300","35","0","interface","RegistrationContext"
"Tomcat8","300","37","0","interface","ServerAuthContext"
"Tomcat8","300","38","0","interface","ServerAuthConfig"
"Tomcat8","300","39","0","interface","AuthConfigProvider"
"Tomcat8","301","1","0","interface","CallbackHandler"
"Tomcat8","301","1","1","interface","Contained"
"Tomcat8","302","1","0","interface","MessageInfo"
"Tomcat8","304","1","0","interface","AuthConfigProvider"
"Tomcat8","305","1","0","interface","ServerAuthConfig"
"Tomcat8","306","1","0","interface","ServerAuthContext"
"Tomcat8","307","1","0","class","AuthenticatorBase"
"Tomcat8","309","1","0","class","ValveBase"
"Tomcat8","310","1","0","interface","Serializable"
"Tomcat8","311","1","0","interface","SessionListener"
"Tomcat8","311","1","1","interface","Serializable"
"Tomcat8","312","1","0","interface","Serializable"
"Tomcat8","313","1","0","class","AuthenticatorBase"
"Tomcat8","313","20","0","interface","PrivilegedExceptionAction"
"Tomcat8","313","21","0","interface","PrivilegedAction"
"Tomcat8","314","1","0","class","AuthenticatorBase"
"Tomcat8","317","1","0","class","IOException"
"Tomcat8","318","1","0","class","LifecycleMBeanBase"
"Tomcat8","319","1","0","interface","Adapter"
"Tomcat8","319","15","0","class","Exception"
"Tomcat8","320","1","0","class","ServletInputStream"
"Tomcat8","320","17","0","interface","PrivilegedExceptionAction"
"Tomcat8","320","18","0","interface","PrivilegedExceptionAction"
"Tomcat8","320","19","0","interface","PrivilegedExceptionAction"
"Tomcat8","320","20","0","interface","PrivilegedExceptionAction"
"Tomcat8","320","21","0","interface","PrivilegedExceptionAction"
"Tomcat8","321","1","0","class","ServletOutputStream"
"Tomcat8","322","1","0","interface","Principal"
"Tomcat8","322","1","1","interface","Serializable"
"Tomcat8","323","1","0","class","BufferedReader"
"Tomcat8","324","1","0","class","PrintWriter"
"Tomcat8","326","1","0","class","Writer"
"Tomcat8","326","66","0","interface","PrivilegedExceptionAction"
"Tomcat8","327","1","0","interface","HttpServletRequest"
"Tomcat8","328","1","0","interface","HttpServletRequest"
"Tomcat8","328","2","0","interface","PrivilegedAction"
"Tomcat8","328","3","0","interface","PrivilegedAction"
"Tomcat8","328","4","0","interface","PrivilegedAction"
"Tomcat8","328","5","0","interface","PrivilegedAction"
"Tomcat8","328","6","0","interface","PrivilegedAction"
"Tomcat8","328","7","0","interface","PrivilegedAction"
"Tomcat8","328","8","0","interface","PrivilegedAction"
"Tomcat8","328","9","0","interface","PrivilegedAction"
"Tomcat8","328","10","0","interface","PrivilegedAction"
"Tomcat8","328","11","0","interface","PrivilegedAction"
"Tomcat8","328","12","0","interface","PrivilegedAction"
"Tomcat8","328","13","0","interface","PrivilegedAction"
"Tomcat8","328","14","0","interface","PrivilegedAction"
"Tomcat8","329","1","0","interface","HttpServletResponse"
"Tomcat8","329","96","0","interface","PrivilegedAction"
"Tomcat8","329","97","0","interface","PrivilegedAction"
"Tomcat8","329","98","0","interface","PrivilegedExceptionAction"
"Tomcat8","330","1","0","interface","HttpServletResponse"
"Tomcat8","330","2","0","interface","PrivilegedAction"
"Tomcat8","330","3","0","interface","PrivilegedAction"
"Tomcat8","330","4","0","interface","PrivilegedExceptionAction"
"Tomcat8","333","1","0","class","EventObject"
"Tomcat8","337","1","0","interface","AccessLog"
"Tomcat8","338","1","0","interface","ServletContext"
"Tomcat8","339","1","0","interface","ServletContext"
"Tomcat8","339","67","0","interface","PrivilegedExceptionAction"
"Tomcat8","340","1","0","interface","AsyncDispatcher"
"Tomcat8","340","1","1","interface","RequestDispatcher"
"Tomcat8","340","2","0","interface","PrivilegedExceptionAction"
"Tomcat8","340","3","0","interface","PrivilegedExceptionAction"
"Tomcat8","340","4","0","interface","PrivilegedExceptionAction"
"Tomcat8","341","1","0","interface","FilterChain"
"Tomcat8","342","1","0","interface","FilterConfig"
"Tomcat8","342","1","1","interface","Serializable"
"Tomcat8","344","1","0","interface","FilterRegistration.Dynamic"
"Tomcat8","345","1","0","class","HttpServletRequestWrapper"
"Tomcat8","345","60","0","interface","Enumeration"
"Tomcat8","346","1","0","class","HttpServletResponseWrapper"
"Tomcat8","347","7","0","interface","HttpServletMapping"
"Tomcat8","348","1","0","interface","Part"
"Tomcat8","349","1","0","interface","PushBuilder"
"Tomcat8","350","1","0","class","ServletRequestWrapper"
"Tomcat8","351","1","0","class","ServletResponseWrapper"
"Tomcat8","352","1","0","interface","ServletRegistration.Dynamic"
"Tomcat8","353","1","0","interface","SessionCookieConfig"
"Tomcat8","354","1","0","interface","LifecycleListener"
"Tomcat8","356","1","0","interface","AsyncContext"
"Tomcat8","356","1","1","interface","AsyncContextCallback"
"Tomcat8","356","41","0","class","Exception"
"Tomcat8","356","42","0","interface","Runnable"
"Tomcat8","356","43","0","interface","Runnable"
"Tomcat8","360","1","0","interface","InstanceManager"
"Tomcat8","360","46","0","interface","PrivilegedAction"
"Tomcat8","360","47","0","interface","PrivilegedAction"
"Tomcat8","360","48","0","interface","PrivilegedExceptionAction"
"Tomcat8","361","1","0","interface","LifecycleListener"
"Tomcat8","361","1","1","interface","ContainerListener"
"Tomcat8","362","1","0","interface","LifecycleListener"
"Tomcat8","363","1","0","interface","LifecycleListener"
"Tomcat8","364","1","0","interface","LifecycleListener"
"Tomcat8","364","1","1","interface","PropertyChangeListener"
"Tomcat8","366","1","0","class","ValveBase"
"Tomcat8","368","1","0","class","ValveBase"
"Tomcat8","370","1","0","class","ValveBase"
"Tomcat8","376","1","0","interface","ServletConfig"
"Tomcat8","377","1","0","class","ValveBase"
"Tomcat8","378","1","0","class","FrameworkListener"
"Tomcat8","384","1","0","class","FilterBase"
"Tomcat8","384","9","0","class","HttpServletResponseWrapper"
"Tomcat8","386","1","0","class","GenericFilter"
"Tomcat8","387","1","0","class","CsrfPreventionFilterBase"
"Tomcat8","387","11","0","class","HttpServletResponseWrapper"
"Tomcat8","387","12","0","interface","Serializable"
"Tomcat8","388","1","0","class","FilterBase"
"Tomcat8","389","1","0","class","FilterBase"
"Tomcat8","389","6","0","class","HttpServletResponseWrapper"
"Tomcat8","389","7","0","class","PrintWriter"
"Tomcat8","389","8","0","class","ServletOutputStream"
"Tomcat8","390","1","0","class","FilterBase"
"Tomcat8","391","1","0","interface","Filter"
"Tomcat8","392","1","0","class","FilterBase"
"Tomcat8","393","1","0","class","RequestFilter"
"Tomcat8","394","1","0","class","FilterBase"
"Tomcat8","395","1","0","class","RequestFilter"
"Tomcat8","396","1","0","class","GenericFilter"
"Tomcat8","396","3","0","class","HttpServletRequestWrapper"
"Tomcat8","397","1","0","class","GenericFilter"
"Tomcat8","398","1","0","class","FilterBase"
"Tomcat8","399","1","0","class","CsrfPreventionFilterBase"
"Tomcat8","399","10","0","interface","RestCsrfPreventionStrategy"
"Tomcat8","399","11","0","interface","RestCsrfPreventionStrategy"
"Tomcat8","400","1","0","interface","Filter"
"Tomcat8","401","1","0","class","FilterBase"
"Tomcat8","402","1","0","class","GenericFilter"
"Tomcat8","408","1","0","interface","LifecycleListener"
"Tomcat8","409","1","0","interface","Sender"
"Tomcat8","412","1","0","interface","Sender"
"Tomcat8","415","1","0","interface","ChannelListener"
"Tomcat8","418","1","0","interface","ClusterMessage"
"Tomcat8","419","1","0","interface","RuleSet"
"Tomcat8","425","1","0","class","ClusterMessageBase"
"Tomcat8","427","1","0","interface","ClusterMessage"
"Tomcat8","428","11","0","interface","java.io.FilenameFilter"
"Tomcat8","431","1","0","class","ClusterListener"
"Tomcat8","432","1","0","class","ClusterManagerBase"
"Tomcat8","433","1","0","interface","Externalizable"
"Tomcat8","433","41","0","interface","java.io.Externalizable"
"Tomcat8","446","1","0","class","EventObject"
"Tomcat8","447","1","0","class","Exception"
"Tomcat8","451","1","0","class","WebappClassLoaderBase"
"Tomcat8","453","1","0","class","WebappClassLoaderBase"
"Tomcat8","458","1","0","interface","Session"
"Tomcat8","461","1","0","class","HostManagerServlet"
"Tomcat8","462","1","0","class","ManagerServlet"
"Tomcat8","463","1","0","class","HttpServlet"
"Tomcat8","468","1","0","interface","Comparator"
"Tomcat8","472","52","0","class","MapElement"
"Tomcat8","472","54","0","class","MapElement"
"Tomcat8","472","55","0","class","MapElement"
"Tomcat8","472","56","0","class","MapElement"
"Tomcat8","476","1","0","class","BaseModelMBean"
"Tomcat8","477","1","0","class","BaseCatalinaMBean"
"Tomcat8","478","1","0","class","ClassNameMBean"
"Tomcat8","479","1","0","class","BaseCatalinaMBean"
"Tomcat8","480","1","0","class","BaseCatalinaMBean"
"Tomcat8","481","1","0","class","BaseCatalinaMBean"
"Tomcat8","482","1","0","class","BaseCatalinaMBean"
"Tomcat8","483","1","0","class","BaseCatalinaMBean"
"Tomcat8","484","1","0","class","BaseModelMBean"
"Tomcat8","485","1","0","interface","LifecycleListener"
"Tomcat8","486","1","0","class","BaseModelMBean"
"Tomcat8","490","1","0","class","SparseUserDatabaseMBean"
"Tomcat8","491","1","0","class","BaseModelMBean"
"Tomcat8","492","1","0","class","BaseModelMBean"
"Tomcat8","493","1","0","class","BaseCatalinaMBean"
"Tomcat8","494","1","0","class","BaseModelMBean"
"Tomcat8","495","1","0","class","BaseModelMBean"
"Tomcat8","497","1","0","class","RealmBase"
"Tomcat8","498","1","0","class","RealmBase"
"Tomcat8","499","1","0","class","RealmBase"
"Tomcat8","500","1","0","interface","CredentialHandler"
"Tomcat8","501","1","0","interface","TomcatPrincipal"
"Tomcat8","501","1","1","interface","Serializable"
"Tomcat8","501","29","0","interface","Serializable"
"Tomcat8","502","1","0","interface","CallbackHandler"
"Tomcat8","504","1","0","class","RealmBase"
"Tomcat8","505","1","0","class","RealmBase"
"Tomcat8","506","1","0","class","CombinedRealm"
"Tomcat8","507","1","0","class","RealmBase"
"Tomcat8","508","1","0","interface","RuleSet"
"Tomcat8","509","1","0","class","DigestCredentialHandlerBase"
"Tomcat8","510","1","0","interface","CredentialHandler"
"Tomcat8","511","1","0","class","RealmBase"
"Tomcat8","513","1","0","class","DigestCredentialHandlerBase"
"Tomcat8","514","1","0","class","RealmBase"
"Tomcat8","514","21","0","class","GenericPrincipal"
"Tomcat8","515","1","0","interface","X509UsernameRetriever"
"Tomcat8","520","1","0","class","BasicPermission"
"Tomcat8","523","1","0","interface","LifecycleListener"
"Tomcat8","527","1","0","class","HttpServlet"
"Tomcat8","527","30","0","class","InputStream"
"Tomcat8","528","1","0","class","HttpServlet"
"Tomcat8","528","85","0","interface","Serializable"
"Tomcat8","528","87","0","interface","EntityResolver2"
"Tomcat8","528","90","0","interface","Comparator"
"Tomcat8","528","91","0","interface","Comparator"
"Tomcat8","528","92","0","interface","Comparator"
"Tomcat8","528","93","0","interface","Comparator"
"Tomcat8","529","1","0","class","DefaultServlet"
"Tomcat8","529","61","0","interface","Serializable"
"Tomcat8","529","62","0","interface","EntityResolver"
"Tomcat8","531","1","0","class","StoreBase"
"Tomcat8","532","1","0","class","StoreBase"
"Tomcat8","534","1","0","class","PersistentManagerBase"
"Tomcat8","536","1","0","class","ManagerBase"
"Tomcat8","536","3","0","interface","PrivilegedExceptionAction"
"Tomcat8","536","4","0","interface","PrivilegedExceptionAction"
"Tomcat8","537","1","0","interface","HttpSession"
"Tomcat8","537","1","1","interface","Session"
"Tomcat8","537","1","2","interface","Serializable"
"Tomcat8","537","86","0","interface","PrivilegedAction"
"Tomcat8","538","1","0","interface","HttpSession"
"Tomcat8","540","1","0","class","IllegalStateException"
"Tomcat8","542","1","0","class","EventObject"
"Tomcat8","545","1","0","class","ServletOutputStream"
"Tomcat8","546","13","0","class","Node"
"Tomcat8","546","17","0","class","Node"
"Tomcat8","546","18","0","class","OppNode"
"Tomcat8","546","19","0","class","OppNode"
"Tomcat8","546","20","0","class","OppNode"
"Tomcat8","546","21","0","class","OppNode"
"Tomcat8","546","22","0","class","CompareNode"
"Tomcat8","546","23","0","class","CompareNode"
"Tomcat8","546","24","0","class","CompareNode"
"Tomcat8","548","1","0","class","HttpServletResponseWrapper"
"Tomcat8","550","1","0","interface","SSICommand"
"Tomcat8","552","1","0","interface","SSICommand"
"Tomcat8","553","1","0","interface","SSICommand"
"Tomcat8","554","1","0","interface","SSICommand"
"Tomcat8","556","1","0","class","GenericFilter"
"Tomcat8","557","1","0","interface","SSICommand"
"Tomcat8","558","1","0","interface","SSICommand"
"Tomcat8","559","1","0","interface","SSICommand"
"Tomcat8","561","1","0","interface","SSICommand"
"Tomcat8","563","1","0","class","HttpServlet"
"Tomcat8","564","1","0","interface","SSIExternalResolver"
"Tomcat8","566","1","0","interface","SSICommand"
"Tomcat8","567","1","0","class","Exception"
"Tomcat8","568","1","0","class","Rule"
"Tomcat8","570","62","0","class","Thread"
"Tomcat8","570","64","0","class","Rule"
"Tomcat8","571","1","0","interface","ConfigurationSource"
"Tomcat8","573","1","0","class","Rule"
"Tomcat8","575","1","0","class","Rule"
"Tomcat8","577","1","0","interface","LifecycleListener"
"Tomcat8","577","66","0","interface","Runnable"
"Tomcat8","577","86","0","interface","LifecycleListener"
"Tomcat8","578","1","0","interface","RuleSet"
"Tomcat8","579","1","0","class","Rule"
"Tomcat8","580","1","0","interface","RuleSet"
"Tomcat8","581","1","0","interface","LifecycleListener"
"Tomcat8","582","1","0","interface","RuleSet"
"Tomcat8","585","1","0","interface","UserDatabase"
"Tomcat8","586","1","0","interface","LifecycleListener"
"Tomcat8","586","62","0","interface","Runnable"
"Tomcat8","586","63","0","interface","Runnable"
"Tomcat8","586","64","0","interface","Runnable"
"Tomcat8","586","65","0","interface","Runnable"
"Tomcat8","586","66","0","interface","LifecycleListener"
"Tomcat8","587","1","0","interface","RuleSet"
"Tomcat8","588","1","0","class","Rule"
"Tomcat8","589","1","0","class","ObjectCreateRule"
"Tomcat8","589","6","0","interface","LifecycleListener"
"Tomcat8","590","1","0","interface","RuleSet"
"Tomcat8","591","1","0","interface","UserDatabase"
"Tomcat8","592","1","0","interface","RuleSet"
"Tomcat8","593","1","0","interface","ForkJoinWorkerThreadFactory"
"Tomcat8","593","3","0","class","ForkJoinWorkerThread"
"Tomcat8","594","1","0","class","Rule"
"Tomcat8","595","45","0","class","RealmBase"
"Tomcat8","595","58","0","interface","LifecycleListener"
"Tomcat8","595","59","0","interface","LifecycleListener"
"Tomcat8","595","60","0","class","StandardWrapper"
"Tomcat8","597","1","0","interface","LifecycleListener"
"Tomcat8","597","32","0","interface","Runnable"
"Tomcat8","599","1","0","interface","LifecycleListener"
"Tomcat8","603","1","0","class","StoreFactoryBase"
"Tomcat8","604","1","0","class","StoreAppender"
"Tomcat8","605","1","0","class","StoreFactoryBase"
"Tomcat8","606","1","0","class","StoreFactoryBase"
"Tomcat8","607","1","0","class","StoreAppender"
"Tomcat8","609","1","0","class","StoreFactoryBase"
"Tomcat8","610","1","0","class","StoreFactoryBase"
"Tomcat8","611","1","0","class","StoreFactoryBase"
"Tomcat8","614","1","0","class","StoreFactoryBase"
"Tomcat8","615","1","0","class","StoreFactoryBase"
"Tomcat8","616","1","0","class","StoreFactoryBase"
"Tomcat8","617","1","0","class","StoreFactoryBase"
"Tomcat8","618","1","0","class","StoreFactoryBase"
"Tomcat8","619","1","0","class","StoreFactoryBase"
"Tomcat8","620","1","0","class","StoreFactoryBase"
"Tomcat8","621","1","0","class","StoreFactoryBase"
"Tomcat8","622","1","0","class","StoreFactoryBase"
"Tomcat8","623","1","0","class","StoreFactoryBase"
"Tomcat8","624","1","0","class","StoreFactoryBase"
"Tomcat8","625","1","0","class","StoreFactoryBase"
"Tomcat8","626","1","0","class","StoreFactoryBase"
"Tomcat8","627","1","0","class","StoreFactoryBase"
"Tomcat8","629","1","0","interface","IStoreConfig"
"Tomcat8","630","1","0","interface","LifecycleListener"
"Tomcat8","631","1","0","class","StoreAppender"
"Tomcat8","633","1","0","interface","IStoreFactory"
"Tomcat8","634","1","0","class","Rule"
"Tomcat8","638","1","0","class","StoreFactoryBase"
"Tomcat8","639","1","0","class","StoreFactoryBase"
"Tomcat8","640","1","0","class","StoreFactoryBase"
"Tomcat8","641","1","0","class","StoreFactoryBase"
"Tomcat8","646","1","0","interface","Externalizable"
"Tomcat8","648","1","0","class","Exception"
"Tomcat8","655","6","0","interface","Comparator"
"Tomcat8","655","6","1","interface","Serializable"
"Tomcat8","657","1","0","interface","ChannelInterceptor"
"Tomcat8","672","1","0","class","ChannelInterceptorBase"
"Tomcat8","672","57","0","interface","InterceptorEvent"
"Tomcat8","673","1","0","class","ChannelInterceptorBase"
"Tomcat8","674","1","0","class","ChannelInterceptorBase"
"Tomcat8","683","1","0","class","ChannelInterceptorBase"
"Tomcat8","686","1","0","interface","ChannelListener"
"Tomcat8","687","1","0","interface","Externalizable"
"Tomcat8","687","11","0","class","RpcMessage"
"Tomcat8","690","1","0","interface","ChannelMessage"
"Tomcat8","691","1","0","class","OutputStream"
"Tomcat8","694","1","0","class","ObjectInputStream"
"Tomcat8","695","1","0","interface","Serializable"
"Tomcat8","700","1","0","interface","StreamProvider"
"Tomcat8","701","1","0","class","AbstractStreamProvider"
"Tomcat8","705","1","0","class","CloudMembershipProvider"
"Tomcat8","706","1","0","class","AbstractStreamProvider"
"Tomcat8","707","1","0","class","CloudMembershipProvider"
"Tomcat8","709","1","0","class","AbstractStreamProvider"
"Tomcat8","712","1","0","class","MembershipProviderBase"
"Tomcat8","712","48","0","class","Thread"
"Tomcat8","712","49","0","class","Thread"
"Tomcat8","712","50","0","class","Thread"
"Tomcat8","714","1","0","interface","Member"
"Tomcat8","714","1","1","interface","java.io.Externalizable"
"Tomcat8","715","1","0","interface","Cloneable"
"Tomcat8","715","22","0","interface","Comparator"
"Tomcat8","715","22","1","interface","Serializable"
"Tomcat8","716","1","0","interface","MembershipProvider"
"Tomcat8","717","1","0","interface","MembershipService"
"Tomcat8","717","1","1","interface","MembershipListener"
"Tomcat8","718","1","0","class","MemberImpl"
"Tomcat8","726","1","0","class","RuntimeException"
"Tomcat8","727","1","0","interface","Map"
"Tomcat8","727","1","1","interface","Serializable"
"Tomcat8","727","1","2","interface","RpcCallback"
"Tomcat8","727","1","3","interface","ChannelListener"
"Tomcat8","727","1","4","interface","MembershipListener"
"Tomcat8","727","1","5","interface","Heartbeat"
"Tomcat8","727","73","0","interface","Map.Entry"
"Tomcat8","727","74","0","interface","Serializable"
"Tomcat8","727","74","1","interface","Cloneable"
"Tomcat8","728","1","0","class","AbstractReplicatedMap"
"Tomcat8","729","1","0","class","AbstractReplicatedMap"
"Tomcat8","731","1","0","interface","Runnable"
"Tomcat8","732","1","0","interface","DataSender"
"Tomcat8","738","1","0","class","AbstractRxTask"
"Tomcat8","739","1","0","class","AbstractSender"
"Tomcat8","744","1","0","interface","ChannelReceiver"
"Tomcat8","744","1","1","interface","ListenCallback"
"Tomcat8","744","1","2","interface","RxTaskPool.TaskCreator"
"Tomcat8","744","116","0","interface","ThreadFactory"
"Tomcat8","745","1","0","interface","ChannelSender"
"Tomcat8","748","1","0","interface","Serializable"
"Tomcat8","751","5","0","class","ThreadPoolExecutor"
"Tomcat8","751","6","0","class","LinkedBlockingQueue"
"Tomcat8","754","1","0","interface","ThreadFactory"
"Tomcat8","758","1","0","interface","Group"
"Tomcat8","759","1","0","interface","Role"
"Tomcat8","760","1","0","interface","User"
"Tomcat8","762","1","0","class","SparseUserDatabase"
"Tomcat8","763","1","0","interface","ObjectFactory"
"Tomcat8","764","1","0","class","AbstractGroup"
"Tomcat8","765","1","0","class","AbstractRole"
"Tomcat8","766","1","0","class","AbstractUser"
"Tomcat8","767","1","0","class","GenericGroup"
"Tomcat8","768","1","0","class","GenericRole"
"Tomcat8","769","1","0","class","GenericUser"
"Tomcat8","770","1","0","interface","UserDatabase"
"Tomcat8","771","1","0","interface","ObjectFactory"
"Tomcat8","772","1","0","interface","UserDatabase"
"Tomcat8","775","1","0","class","ObjectInputStream"
"Tomcat8","780","1","0","interface","Lifecycle"
"Tomcat8","783","1","0","interface","Map"
"Tomcat8","783","1","1","interface","Serializable"
"Tomcat8","785","1","0","class","HashSet"
"Tomcat8","789","1","0","class","SessionIdGeneratorBase"
"Tomcat8","794","1","0","interface","Cloneable"
"Tomcat8","798","1","0","class","AbstractAccessLogValve"
"Tomcat8","800","1","0","class","ValveBase"
"Tomcat8","800","27","0","interface","HttpSessionBindingListener"
"Tomcat8","800","27","1","interface","Serializable"
"Tomcat8","801","1","0","class","ValveBase"
"Tomcat8","802","1","0","class","AccessLogValve"
"Tomcat8","802","6","0","interface","AccessLogElement"
"Tomcat8","802","7","0","interface","AccessLogElement"
"Tomcat8","802","8","0","interface","AccessLogElement"
"Tomcat8","802","9","0","interface","AccessLogElement"
"Tomcat8","802","10","0","interface","AccessLogElement"
"Tomcat8","802","11","0","interface","AccessLogElement"
"Tomcat8","802","12","0","interface","AccessLogElement"
"Tomcat8","802","13","0","interface","AccessLogElement"
"Tomcat8","802","14","0","interface","AccessLogElement"
"Tomcat8","802","15","0","interface","AccessLogElement"
"Tomcat8","803","1","0","class","ValveBase"
"Tomcat8","805","1","0","class","ErrorReportValve"
"Tomcat8","806","1","0","class","ValveBase"
"Tomcat8","807","1","0","class","ValveBase"
"Tomcat8","808","1","0","class","RequestFilterValve"
"Tomcat8","809","1","0","class","RequestFilterValve"
"Tomcat8","810","1","0","class","RequestFilterValve"
"Tomcat8","811","1","0","class","ValveBase"
"Tomcat8","812","1","0","class","ValveBase"
"Tomcat8","813","3","0","interface","RewriteMap"
"Tomcat8","813","4","0","interface","RewriteMap"
"Tomcat8","813","5","0","interface","RewriteMap"
"Tomcat8","813","6","0","interface","RewriteMap"
"Tomcat8","816","1","0","class","Resolver"
"Tomcat8","817","3","0","class","Condition"
"Tomcat8","817","4","0","class","Condition"
"Tomcat8","817","5","0","class","Condition"
"Tomcat8","820","1","0","class","ValveBase"
"Tomcat8","821","3","0","class","SubstitutionElement"
"Tomcat8","821","4","0","class","SubstitutionElement"
"Tomcat8","821","5","0","class","SubstitutionElement"
"Tomcat8","821","6","0","class","SubstitutionElement"
"Tomcat8","821","7","0","class","SubstitutionElement"
"Tomcat8","821","8","0","class","SubstitutionElement"
"Tomcat8","821","9","0","class","SubstitutionElement"
"Tomcat8","821","10","0","class","SubstitutionElement"
"Tomcat8","822","1","0","class","ValveBase"
"Tomcat8","823","1","0","class","ValveBase"
"Tomcat8","824","1","0","class","ValveBase"
"Tomcat8","828","1","0","class","AbstractResource"
"Tomcat8","828","32","0","class","InputStream"
"Tomcat8","829","1","0","class","AbstractResourceSet"
"Tomcat8","830","1","0","class","AbstractResourceSet"
"Tomcat8","831","1","0","interface","WebResource"
"Tomcat8","833","1","0","class","AbstractArchiveResource"
"Tomcat8","834","1","0","class","AbstractArchiveResourceSet"
"Tomcat8","835","37","0","interface","Comparator"
"Tomcat8","836","1","0","interface","WebResource"
"Tomcat8","836","54","0","class","URLStreamHandler"
"Tomcat8","836","55","0","class","URLConnection"
"Tomcat8","836","56","0","class","JarURLConnection"
"Tomcat8","837","1","0","class","URLStreamHandler"
"Tomcat8","838","1","0","class","AbstractFileResourceSet"
"Tomcat8","839","1","0","interface","WebResource"
"Tomcat8","841","1","0","class","StandardRoot"
"Tomcat8","842","1","0","class","AbstractResource"
"Tomcat8","843","1","0","class","AbstractFileResourceSet"
"Tomcat8","845","1","0","class","AbstractSingleArchiveResource"
"Tomcat8","846","1","0","class","AbstractResource"
"Tomcat8","847","1","0","class","AbstractSingleArchiveResourceSet"
"Tomcat8","848","1","0","class","AbstractArchiveResource"
"Tomcat8","849","1","0","class","AbstractArchiveResourceSet"
"Tomcat8","851","1","0","class","JarInputStream"
"Tomcat8","852","1","0","interface","URLStreamHandlerFactory"
"Tomcat8","854","1","0","class","EmptyResource"
"Tomcat8","855","1","0","class","URLStreamHandler"
"Tomcat8","856","1","0","class","URLConnection"
"Tomcat8","857","1","0","class","AbstractSingleArchiveResource"
"Tomcat8","858","1","0","class","AbstractSingleArchiveResourceSet"
"Tomcat8","862","1","0","interface","Processor"
"Tomcat8","863","1","0","interface","ProtocolHandler"
"Tomcat8","863","1","1","interface","MBeanRegistration"
"Tomcat8","863","100","0","interface","AbstractEndpoint.Handler"
"Tomcat8","863","101","0","class","SynchronizedStack"
"Tomcat8","867","1","0","class","AbstractProtocol"
"Tomcat8","869","1","0","class","AbstractAjpProtocol"
"Tomcat8","870","1","0","class","AbstractAjpProtocol"
"Tomcat8","871","1","0","class","AbstractProcessor"
"Tomcat8","871","62","0","interface","InputBuffer"
"Tomcat8","871","63","0","interface","OutputBuffer"
"Tomcat8","875","1","0","class","IOException"
"Tomcat8","880","1","0","class","AbstractHttp11Protocol"
"Tomcat8","881","1","0","class","AbstractProtocol"
"Tomcat8","883","1","0","interface","InputFilter"
"Tomcat8","883","1","1","interface","ApplicationBufferHandler"
"Tomcat8","884","1","0","interface","InputFilter"
"Tomcat8","884","1","1","interface","ApplicationBufferHandler"
"Tomcat8","885","1","0","interface","OutputFilter"
"Tomcat8","886","1","0","interface","OutputFilter"
"Tomcat8","886","13","0","class","OutputStream"
"Tomcat8","887","1","0","interface","InputFilter"
"Tomcat8","887","1","1","interface","ApplicationBufferHandler"
"Tomcat8","888","1","0","interface","OutputFilter"
"Tomcat8","889","1","0","interface","InputFilter"
"Tomcat8","890","1","0","interface","InputFilter"
"Tomcat8","891","1","0","interface","OutputFilter"
"Tomcat8","892","1","0","class","IllegalStateException"
"Tomcat8","893","1","0","interface","InputBuffer"
"Tomcat8","893","1","1","interface","ApplicationBufferHandler"
"Tomcat8","893","54","0","interface","InputBuffer"
"Tomcat8","894","1","0","class","AbstractHttp11JsseProtocol"
"Tomcat8","895","1","0","class","AbstractHttp11JsseProtocol"
"Tomcat8","896","1","0","interface","HttpOutputBuffer"
"Tomcat8","896","41","0","interface","HttpOutputBuffer"
"Tomcat8","897","1","0","class","AbstractProcessor"
"Tomcat8","902","1","0","interface","ApplicationBufferHandler"
"Tomcat8","903","1","0","class","BaseModelMBean"
"Tomcat8","906","1","0","class","UpgradeProcessorBase"
"Tomcat8","907","1","0","class","UpgradeProcessorBase"
"Tomcat8","908","1","0","class","ServletInputStream"
"Tomcat8","909","1","0","class","ServletOutputStream"
"Tomcat8","910","1","0","class","AbstractStream"
"Tomcat8","913","1","0","class","Http2Exception"
"Tomcat8","915","1","0","class","ConnectionSettingsBase"
"Tomcat8","916","1","0","class","ConnectionSettingsBase"
"Tomcat8","920","1","0","interface","HeaderEmitter"
"Tomcat8","923","31","0","class","TableEntry"
"Tomcat8","924","1","0","class","Exception"
"Tomcat8","926","1","0","class","Http2Parser"
"Tomcat8","926","7","0","class","FrameCompletionHandler"
"Tomcat8","926","10","0","interface","CompletionCheck"
"Tomcat8","926","10","1","interface","CompletionHandler"
"Tomcat8","927","1","0","class","Http2UpgradeHandler"
"Tomcat8","927","25","0","interface","CompletionHandler"
"Tomcat8","927","26","0","class","PingManager"
"Tomcat8","927","27","0","interface","HeaderFrameBuffers"
"Tomcat8","929","1","0","class","Exception"
"Tomcat8","930","1","0","interface","HttpOutputBuffer"
"Tomcat8","932","1","0","interface","UpgradeProtocol"
"Tomcat8","934","1","0","class","AbstractNonZeroStream"
"Tomcat8","938","1","0","class","Http2Exception"
"Tomcat8","939","1","0","class","AbstractProcessor"
"Tomcat8","940","1","0","interface","Runnable"
"Tomcat8","946","1","0","class","RuntimeException"
"Tomcat8","949","1","0","class","BaseModelMBean"
"Tomcat8","954","1","0","class","ExpressionFactory"
"Tomcat8","955","2","0","class","ELArithmetic"
"Tomcat8","955","3","0","class","ELArithmetic"
"Tomcat8","955","4","0","class","ELArithmetic"
"Tomcat8","955","5","0","class","ELArithmetic"
"Tomcat8","957","1","0","class","ELContext"
"Tomcat8","958","1","0","interface","NodeVisitor"
"Tomcat8","959","1","0","class","FunctionMapper"
"Tomcat8","961","1","0","class","VariableMapper"
"Tomcat8","965","1","0","class","SimpleNode"
"Tomcat8","966","1","0","class","BooleanNode"
"Tomcat8","967","1","0","class","SimpleNode"
"Tomcat8","968","1","0","class","SimpleNode"
"Tomcat8","969","1","0","class","SimpleNode"
"Tomcat8","970","1","0","class","SimpleNode"
"Tomcat8","971","1","0","class","SimpleNode"
"Tomcat8","972","1","0","class","SimpleNode"
"Tomcat8","973","1","0","class","ArithmeticNode"
"Tomcat8","974","1","0","class","SimpleNode"
"Tomcat8","975","1","0","class","SimpleNode"
"Tomcat8","976","1","0","class","SimpleNode"
"Tomcat8","977","1","0","class","BooleanNode"
"Tomcat8","978","1","0","class","BooleanNode"
"Tomcat8","979","1","0","class","SimpleNode"
"Tomcat8","980","1","0","class","SimpleNode"
"Tomcat8","981","1","0","class","BooleanNode"
"Tomcat8","982","1","0","class","BooleanNode"
"Tomcat8","983","1","0","class","SimpleNode"
"Tomcat8","984","1","0","class","SimpleNode"
"Tomcat8","985","1","0","class","SimpleNode"
"Tomcat8","986","1","0","class","SimpleNode"
"Tomcat8","987","1","0","class","BooleanNode"
"Tomcat8","988","1","0","class","BooleanNode"
"Tomcat8","989","1","0","class","SimpleNode"
"Tomcat8","990","1","0","class","SimpleNode"
"Tomcat8","991","1","0","class","SimpleNode"
"Tomcat8","992","1","0","class","SimpleNode"
"Tomcat8","993","1","0","class","SimpleNode"
"Tomcat8","994","1","0","class","ArithmeticNode"
"Tomcat8","995","1","0","class","ArithmeticNode"
"Tomcat8","996","1","0","class","ArithmeticNode"
"Tomcat8","997","1","0","class","SimpleNode"
"Tomcat8","998","1","0","class","SimpleNode"
"Tomcat8","999","1","0","class","BooleanNode"
"Tomcat8","1000","1","0","class","SimpleNode"
"Tomcat8","1001","1","0","class","BooleanNode"
"Tomcat8","1002","1","0","class","ArithmeticNode"
"Tomcat8","1003","1","0","class","SimpleNode"
"Tomcat8","1004","1","0","class","SimpleNode"
"Tomcat8","1005","1","0","class","SimpleNode"
"Tomcat8","1006","1","0","class","BooleanNode"
"Tomcat8","1007","1","0","class","SimpleNode"
"Tomcat8","1008","1","0","class","SimpleNode"
"Tomcat8","1009","1","0","interface","ELParserTreeConstants"
"Tomcat8","1009","1","1","interface","ELParserConstants"
"Tomcat8","1009","177","0","class","java.lang.Error"
"Tomcat8","1011","1","0","interface","ELParserConstants"
"Tomcat8","1016","1","0","class","Exception"
"Tomcat8","1018","1","0","interface","Node"
"Tomcat8","1019","1","0","interface","java.io.Serializable"
"Tomcat8","1020","1","0","class","Error"
"Tomcat8","1022","33","0","interface","Comparator"
"Tomcat8","1022","34","0","interface","Iterator"
"Tomcat8","1023","1","0","class","ELResolver"
"Tomcat8","1023","9","0","interface","Iterator"
"Tomcat8","1026","16","0","interface","PrivilegedAction"
"Tomcat8","1026","17","0","interface","Comparable"
"Tomcat8","1030","1","0","class","Compiler"
"Tomcat8","1030","8","0","class","DefaultLogger"
"Tomcat8","1030","10","0","class","PrintStream"
"Tomcat8","1033","2","0","class","Node.Visitor"
"Tomcat8","1035","1","0","interface","ErrorHandler"
"Tomcat8","1036","6","0","class","Node.Visitor"
"Tomcat8","1038","7","0","interface","ELInterpreter"
"Tomcat8","1039","3","0","class","ELNode"
"Tomcat8","1039","4","0","class","ELNode"
"Tomcat8","1039","5","0","class","ELNode"
"Tomcat8","1039","6","0","class","ELNode"
"Tomcat8","1040","31","0","class","Token"
"Tomcat8","1040","32","0","class","Token"
"Tomcat8","1040","33","0","class","Token"
"Tomcat8","1040","35","0","class","ELNode.Visitor"
"Tomcat8","1042","19","0","class","Node.Visitor"
"Tomcat8","1044","40","0","class","Node.Visitor"
"Tomcat8","1045","1","0","class","TagLibraryInfo"
"Tomcat8","1047","1","0","class","TagInfo"
"Tomcat8","1049","1","0","class","org.apache.jasper.compiler.Compiler"
"Tomcat8","1057","1","0","class","ServletWriter"
"Tomcat8","1058","1","0","interface","TagConstants"
"Tomcat8","1058","45","0","class","Node"
"Tomcat8","1058","46","0","class","Node"
"Tomcat8","1058","47","0","class","Node"
"Tomcat8","1058","48","0","class","Node"
"Tomcat8","1058","49","0","class","Node"
"Tomcat8","1058","50","0","class","Node"
"Tomcat8","1058","51","0","class","Node"
"Tomcat8","1058","52","0","class","Node"
"Tomcat8","1058","53","0","class","Node"
"Tomcat8","1058","54","0","class","Node"
"Tomcat8","1058","55","0","class","Node"
"Tomcat8","1058","56","0","class","Node"
"Tomcat8","1058","57","0","class","ScriptingElement"
"Tomcat8","1058","58","0","class","ScriptingElement"
"Tomcat8","1058","59","0","class","ScriptingElement"
"Tomcat8","1058","60","0","class","Node"
"Tomcat8","1058","61","0","class","Node"
"Tomcat8","1058","62","0","class","Node"
"Tomcat8","1058","63","0","class","Node"
"Tomcat8","1058","64","0","class","Node"
"Tomcat8","1058","65","0","class","Node"
"Tomcat8","1058","66","0","class","Node"
"Tomcat8","1058","67","0","class","Node"
"Tomcat8","1058","68","0","class","Node"
"Tomcat8","1058","69","0","class","Node"
"Tomcat8","1058","70","0","class","Node"
"Tomcat8","1058","71","0","class","Node"
"Tomcat8","1058","72","0","class","Node"
"Tomcat8","1058","74","0","class","Node"
"Tomcat8","1058","75","0","class","ChildInfoBase"
"Tomcat8","1058","76","0","class","Node"
"Tomcat8","1058","77","0","class","Node"
"Tomcat8","1058","78","0","class","ChildInfoBase"
"Tomcat8","1058","79","0","class","ChildInfoBase"
"Tomcat8","1058","80","0","class","Node"
"Tomcat8","1061","1","0","interface","TagConstants"
"Tomcat8","1062","1","0","interface","TagConstants"
"Tomcat8","1063","3","0","class","Node.Visitor"
"Tomcat8","1063","4","0","class","Node.Visitor"
"Tomcat8","1064","1","0","interface","AutoCloseable"
"Tomcat8","1067","8","0","class","Node.Visitor"
"Tomcat8","1067","9","0","class","Node.Visitor"
"Tomcat8","1069","7","0","interface","StringInterpreter"
"Tomcat8","1071","3","0","class","Node.Visitor"
"Tomcat8","1071","6","0","class","Node.Visitor"
"Tomcat8","1075","11","0","class","Node.Visitor"
"Tomcat8","1075","12","0","interface","TagPluginContext"
"Tomcat8","1076","2","0","class","Node.Visitor"
"Tomcat8","1078","2","0","class","Node.Visitor"
"Tomcat8","1078","3","0","class","Node.Visitor"
"Tomcat8","1078","4","0","class","Node.Visitor"
"Tomcat8","1078","68","0","class","ELParser.TextBuilder"
"Tomcat8","1078","72","0","class","Node.Visitor"
"Tomcat8","1080","1","0","class","ELContext"
"Tomcat8","1080","3","0","class","VariableMapper"
"Tomcat8","1081","1","0","class","ELContext"
"Tomcat8","1082","1","0","class","ELResolver"
"Tomcat8","1083","1","0","class","ExpressionEvaluator"
"Tomcat8","1084","1","0","class","Expression"
"Tomcat8","1085","1","0","class","jakarta.el.FunctionMapper"
"Tomcat8","1086","1","0","class","CompositeELResolver"
"Tomcat8","1086","11","0","class","ELResolver"
"Tomcat8","1087","1","0","class","ELException"
"Tomcat8","1089","1","0","class","MethodNotFoundException"
"Tomcat8","1090","1","0","class","PropertyNotFoundException"
"Tomcat8","1091","1","0","class","PropertyNotWritableException"
"Tomcat8","1093","1","0","interface","VariableResolver"
"Tomcat8","1094","1","0","interface","Options"
"Tomcat8","1095","1","0","class","jakarta.servlet.ServletException"
"Tomcat8","1098","1","0","interface","ELInterpreter"
"Tomcat8","1099","1","0","class","DefaultStringInterpreter"
"Tomcat8","1101","1","0","class","BodyContent"
"Tomcat8","1105","1","0","interface","JspApplicationContext"
"Tomcat8","1107","1","0","class","JspFactory"
"Tomcat8","1107","10","0","interface","PrivilegedAction"
"Tomcat8","1107","11","0","interface","PrivilegedAction"
"Tomcat8","1108","1","0","class","JspFragment"
"Tomcat8","1113","1","0","class","JspWriter"
"Tomcat8","1114","1","0","class","PageContext"
"Tomcat8","1116","1","0","class","HttpServletResponseWrapper"
"Tomcat8","1120","1","0","interface","ServletContainerInitializer"
"Tomcat8","1121","1","0","class","URLClassLoader"
"Tomcat8","1122","1","0","interface","ServletContext"
"Tomcat8","1125","1","0","class","TldScanner"
"Tomcat8","1126","23","0","interface","JarScannerCallback"
"Tomcat8","1127","1","0","interface","TagPlugin"
"Tomcat8","1128","1","0","interface","TagPlugin"
"Tomcat8","1129","1","0","interface","TagPlugin"
"Tomcat8","1130","1","0","interface","TagPlugin"
"Tomcat8","1131","1","0","interface","TagPlugin"
"Tomcat8","1132","1","0","interface","TagPlugin"
"Tomcat8","1133","1","0","interface","TagPlugin"
"Tomcat8","1134","1","0","interface","TagPlugin"
"Tomcat8","1135","1","0","interface","TagPlugin"
"Tomcat8","1136","1","0","interface","TagPlugin"
"Tomcat8","1137","1","0","interface","TagPlugin"
"Tomcat8","1138","1","0","interface","TagPlugin"
"Tomcat8","1139","1","0","interface","TagPlugin"
"Tomcat8","1140","1","0","interface","TagPlugin"
"Tomcat8","1141","13","0","class","HttpServletResponseWrapper"
"Tomcat8","1144","1","0","class","AttributesImpl"
"Tomcat8","1145","1","0","class","FileHandler"
"Tomcat8","1145","22","0","class","Thread"
"Tomcat8","1146","1","0","class","LogManager"
"Tomcat8","1146","4","0","class","Thread"
"Tomcat8","1146","30","0","class","Logger"
"Tomcat8","1148","1","0","class","Handler"
"Tomcat8","1149","1","0","class","Formatter"
"Tomcat8","1150","1","0","interface","Log"
"Tomcat8","1152","1","0","class","RuntimeException"
"Tomcat8","1154","1","0","class","Formatter"
"Tomcat8","1154","18","0","class","LinkedHashMap"
"Tomcat8","1154","19","0","class","PrintWriter"
"Tomcat8","1155","1","0","class","Formatter"
"Tomcat8","1157","1","0","class","Reference"
"Tomcat8","1160","1","0","class","AbstractRef"
"Tomcat8","1161","1","0","interface","ObjectFactory"
"Tomcat8","1163","1","0","class","ResourceLinkFactory"
"Tomcat8","1163","5","0","interface","InvocationHandler"
"Tomcat8","1164","1","0","class","FactoryBase"
"Tomcat8","1165","1","0","interface","ObjectFactory"
"Tomcat8","1166","1","0","interface","ObjectFactory"
"Tomcat8","1167","1","0","interface","ObjectFactory"
"Tomcat8","1168","1","0","interface","ObjectFactory"
"Tomcat8","1169","1","0","class","FactoryBase"
"Tomcat8","1170","1","0","class","FactoryBase"
"Tomcat8","1171","1","0","interface","ObjectFactory"
"Tomcat8","1172","1","0","interface","ObjectFactory"
"Tomcat8","1173","1","0","class","FactoryBase"
"Tomcat8","1174","1","0","interface","InvocationHandler"
"Tomcat8","1175","1","0","interface","ObjectFactory"
"Tomcat8","1176","1","0","class","AbstractRef"
"Tomcat8","1177","1","0","interface","ObjectFactory"
"Tomcat8","1177","1","1","interface","InitialContextFactory"
"Tomcat8","1178","1","0","class","AbstractRef"
"Tomcat8","1179","1","0","interface","NameParser"
"Tomcat8","1180","1","0","interface","Context"
"Tomcat8","1181","1","0","interface","NamingEnumeration"
"Tomcat8","1182","1","0","interface","NamingEnumeration"
"Tomcat8","1184","1","0","class","AbstractRef"
"Tomcat8","1185","1","0","class","AbstractRef"
"Tomcat8","1186","1","0","class","AbstractRef"
"Tomcat8","1187","1","0","interface","Context"
"Tomcat8","1188","1","0","class","AbstractRef"
"Tomcat8","1190","1","0","class","AbstractRef"
"Tomcat8","1191","1","0","class","Task"
"Tomcat8","1193","1","0","class","Task"
"Tomcat8","1195","1","0","class","BackportBase"
"Tomcat8","1196","1","0","class","BackportBase"
"Tomcat8","1201","1","0","class","Task"
"Tomcat8","1204","1","0","interface","TrackedUse"
"Tomcat8","1205","1","0","interface","DataSource"
"Tomcat8","1205","1","1","interface","BasicDataSourceMXBean"
"Tomcat8","1205","1","2","interface","MBeanRegistration"
"Tomcat8","1205","1","3","interface","AutoCloseable"
"Tomcat8","1206","1","0","interface","ObjectFactory"
"Tomcat8","1211","1","0","class","DelegatingConnection"
"Tomcat8","1212","1","0","interface","ConnectionPoolDataSource"
"Tomcat8","1212","1","1","interface","Referenceable"
"Tomcat8","1212","1","2","interface","Serializable"
"Tomcat8","1212","1","3","interface","ObjectFactory"
"Tomcat8","1213","1","0","interface","PooledConnection"
"Tomcat8","1213","1","1","interface","KeyedPooledObjectFactory"
"Tomcat8","1214","1","0","class","PStmtKey"
"Tomcat8","1215","1","0","interface","ConnectionFactory"
"Tomcat8","1218","1","0","interface","PooledObjectFactory"
"Tomcat8","1218","1","1","interface","ConnectionEventListener"
"Tomcat8","1218","1","2","interface","PooledConnectionManager"
"Tomcat8","1219","1","0","interface","DataSource"
"Tomcat8","1219","1","1","interface","Referenceable"
"Tomcat8","1219","1","2","interface","Serializable"
"Tomcat8","1219","1","3","interface","AutoCloseable"
"Tomcat8","1220","1","0","interface","ObjectFactory"
"Tomcat8","1221","1","0","interface","KeyedPooledObjectFactory"
"Tomcat8","1221","1","1","interface","ConnectionEventListener"
"Tomcat8","1221","1","2","interface","PooledConnectionManager"
"Tomcat8","1222","1","0","class","InstanceKeyDataSource"
"Tomcat8","1223","1","0","class","InstanceKeyDataSourceFactory"
"Tomcat8","1226","1","0","interface","Serializable"
"Tomcat8","1227","1","0","class","InstanceKeyDataSource"
"Tomcat8","1228","1","0","class","InstanceKeyDataSourceFactory"
"Tomcat8","1229","1","0","interface","Serializable"
"Tomcat8","1232","1","0","interface","DatabaseMetaData"
"Tomcat8","1236","1","0","interface","ConnectionFactory"
"Tomcat8","1238","1","0","interface","ConnectionFactory"
"Tomcat8","1240","1","0","class","Exception"
"Tomcat8","1241","1","0","class","Exception"
"Tomcat8","1242","1","0","class","BasicDataSource"
"Tomcat8","1243","1","0","interface","XAConnectionFactory"
"Tomcat8","1244","1","0","interface","XAConnectionFactory"
"Tomcat8","1244","2","0","interface","XAResource"
"Tomcat8","1245","1","0","class","DelegatingConnection"
"Tomcat8","1245","2","0","interface","TransactionContextListener"
"Tomcat8","1246","1","0","class","PoolingDataSource"
"Tomcat8","1247","1","0","class","PoolableConnection"
"Tomcat8","1248","1","0","class","PoolableConnectionFactory"
"Tomcat8","1254","1","0","class","DelegatingCallableStatement"
"Tomcat8","1256","1","0","interface","PooledObjectFactory"
"Tomcat8","1258","1","0","class","DelegatingPreparedStatement"
"Tomcat8","1260","1","0","interface","DataSource"
"Tomcat8","1260","1","1","interface","AutoCloseable"
"Tomcat8","1260","2","0","class","DelegatingConnection"
"Tomcat8","1261","1","0","interface","Driver"
"Tomcat8","1261","2","0","class","DelegatingConnection"
"Tomcat8","1262","2","0","interface","StatementBuilder"
"Tomcat8","1262","3","0","interface","StatementBuilder"
"Tomcat8","1262","4","0","interface","StatementBuilder"
"Tomcat8","1262","5","0","interface","StatementBuilder"
"Tomcat8","1262","6","0","interface","StatementBuilder"
"Tomcat8","1262","7","0","interface","StatementBuilder"
"Tomcat8","1262","8","0","interface","StatementBuilder"
"Tomcat8","1262","9","0","interface","StatementBuilder"
"Tomcat8","1262","10","0","interface","StatementBuilder"
"Tomcat8","1263","1","0","class","SQLException"
"Tomcat8","1264","1","0","interface","SwallowedExceptionListener"
"Tomcat8","1272","1","0","class","BaseObject"
"Tomcat8","1272","2","0","interface","Iterator"
"Tomcat8","1272","3","0","interface","Runnable"
"Tomcat8","1276","1","0","interface","EvictionPolicy"
"Tomcat8","1277","1","0","interface","PooledObject"
"Tomcat8","1278","1","0","interface","DefaultPooledObjectInfoMBean"
"Tomcat8","1282","2","0","interface","ThreadFactory"
"Tomcat8","1282","3","0","interface","Runnable"
"Tomcat8","1282","4","0","interface","Runnable"
"Tomcat8","1284","1","0","class","BaseObjectPoolConfig"
"Tomcat8","1287","1","0","class","BaseObjectPoolConfig"
"Tomcat8","1289","1","0","class","ReentrantLock"
"Tomcat8","1291","1","0","interface","CallStack"
"Tomcat8","1292","1","0","class","DefaultPooledObject"
"Tomcat8","1294","1","0","interface","CallStack"
"Tomcat8","1294","2","0","class","SecurityManager"
"Tomcat8","1295","1","0","class","BaseObjectPool"
"Tomcat8","1296","1","0","interface","CallStack"
"Tomcat8","1296","2","0","class","Throwable"
"Tomcat8","1303","3","0","interface","KeyedObjectPool"
"Tomcat8","1303","4","0","interface","ObjectPool"
"Tomcat8","1303","5","0","class","ErodingKeyedObjectPool"
"Tomcat8","1303","6","0","class","TimerTask"
"Tomcat8","1303","7","0","class","TimerTask"
"Tomcat8","1303","8","0","interface","KeyedObjectPool"
"Tomcat8","1303","9","0","interface","KeyedPooledObjectFactory"
"Tomcat8","1303","10","0","interface","ObjectPool"
"Tomcat8","1303","11","0","interface","PooledObjectFactory"
"Tomcat8","1318","1","0","class","Exception"
"Tomcat8","1321","1","0","class","UnsatisfiedLinkError"
"Tomcat8","1330","1","0","interface","InstanceManager"
"Tomcat8","1331","1","0","class","ElementValue"
"Tomcat8","1334","1","0","class","ElementValue"
"Tomcat8","1335","1","0","class","ElementValue"
"Tomcat8","1336","1","0","class","RuntimeException"
"Tomcat8","1339","1","0","class","Constant"
"Tomcat8","1340","1","0","class","Constant"
"Tomcat8","1341","1","0","class","Constant"
"Tomcat8","1342","1","0","class","Constant"
"Tomcat8","1343","1","0","class","Constant"
"Tomcat8","1345","1","0","class","Constant"
"Tomcat8","1348","1","0","class","ElementValue"
"Tomcat8","1350","1","0","class","ElementValue"
"Tomcat8","1353","1","0","interface","Cloneable"
"Tomcat8","1353","1","1","interface","Serializable"
"Tomcat8","1360","1","0","class","AbstractChunk"
"Tomcat8","1360","53","0","class","IOException"
"Tomcat8","1363","9","0","class","Charset"
"Tomcat8","1367","1","0","interface","Cloneable"
"Tomcat8","1367","1","1","interface","Serializable"
"Tomcat8","1370","3","0","class","CharConversionException"
"Tomcat8","1373","1","0","class","CharsetDecoder"
"Tomcat8","1374","1","0","class","CharsetEncoder"
"Tomcat8","1375","1","0","class","BaseNCodec"
"Tomcat8","1378","1","0","class","AbstractMap"
"Tomcat8","1378","10","0","class","AbstractSet"
"Tomcat8","1378","11","0","interface","Iterator"
"Tomcat8","1378","12","0","interface","Entry"
"Tomcat8","1383","1","0","class","JreCompat"
"Tomcat8","1390","1","0","interface","EntityResolver2"
"Tomcat8","1391","10","0","interface","RuleSet"
"Tomcat8","1392","1","0","interface","RuleSet"
"Tomcat8","1392","9","0","class","Rule"
"Tomcat8","1398","1","0","interface","RuleSet"
"Tomcat8","1398","9","0","class","Rule"
"Tomcat8","1398","11","0","class","Rule"
"Tomcat8","1398","13","0","class","Rule"
"Tomcat8","1400","1","0","interface","Serializable"
"Tomcat8","1402","1","0","class","ResourceBase"
"Tomcat8","1403","1","0","class","ResourceBase"
"Tomcat8","1404","1","0","class","ResourceBase"
"Tomcat8","1405","1","0","class","ResourceBase"
"Tomcat8","1406","1","0","class","ResourceBase"
"Tomcat8","1407","1","0","class","ResourceBase"
"Tomcat8","1408","1","0","class","ResourceBase"
"Tomcat8","1409","1","0","class","ResourceBase"
"Tomcat8","1410","1","0","interface","Serializable"
"Tomcat8","1412","1","0","interface","Serializable"
"Tomcat8","1414","1","0","interface","JarScannerCallback"
"Tomcat8","1416","1","0","interface","Serializable"
"Tomcat8","1417","1","0","interface","JspConfigDescriptor"
"Tomcat8","1418","1","0","class","XmlEncodingBase"
"Tomcat8","1419","1","0","interface","JspPropertyGroupDescriptor"
"Tomcat8","1421","1","0","class","ResourceBase"
"Tomcat8","1422","1","0","class","ResourceBase"
"Tomcat8","1423","1","0","interface","Serializable"
"Tomcat8","1425","1","0","interface","Serializable"
"Tomcat8","1425","1","1","interface","Injectable"
"Tomcat8","1428","1","0","interface","Serializable"
"Tomcat8","1429","1","0","interface","Serializable"
"Tomcat8","1431","1","0","interface","TaglibDescriptor"
"Tomcat8","1432","1","0","interface","RuleSet"
"Tomcat8","1436","1","0","interface","ErrorHandler"
"Tomcat8","1439","1","0","interface","ObjectCreationFactory"
"Tomcat8","1440","1","0","class","ArrayList"
"Tomcat8","1441","1","0","class","Rule"
"Tomcat8","1442","1","0","class","Rule"
"Tomcat8","1445","1","0","interface","IntrospectionUtils.SecurePropertySource"
"Tomcat8","1446","1","0","class","Rule"
"Tomcat8","1447","1","0","class","Rule"
"Tomcat8","1451","1","0","interface","Rules"
"Tomcat8","1453","1","0","class","Rule"
"Tomcat8","1454","1","0","class","Rule"
"Tomcat8","1455","1","0","interface","IntrospectionUtils.SecurePropertySource"
"Tomcat8","1458","3","0","interface","AutoCloseable"
"Tomcat8","1462","1","0","interface","CookieProcessor"
"Tomcat8","1464","1","0","class","OutputStream"
"Tomcat8","1465","1","0","class","ThresholdingOutputStream"
"Tomcat8","1466","1","0","interface","FileItem"
"Tomcat8","1467","1","0","interface","FileItemFactory"
"Tomcat8","1473","2","0","class","IOException"
"Tomcat8","1474","1","0","class","FileUploadBase"
"Tomcat8","1476","1","0","class","IOException"
"Tomcat8","1478","1","0","interface","FileItemIterator"
"Tomcat8","1479","1","0","interface","FileItemStream"
"Tomcat8","1480","1","0","class","SizeException"
"Tomcat8","1481","1","0","class","IOException"
"Tomcat8","1482","1","0","class","FileUploadException"
"Tomcat8","1483","1","0","class","FileUploadException"
"Tomcat8","1484","1","0","class","FileUploadException"
"Tomcat8","1485","1","0","class","SizeException"
"Tomcat8","1486","1","0","class","RuntimeException"
"Tomcat8","1492","1","0","class","FileUpload"
"Tomcat8","1493","1","0","interface","UploadContext"
"Tomcat8","1494","1","0","class","OutputStream"
"Tomcat8","1497","1","0","interface","FileItemHeaders"
"Tomcat8","1497","1","1","interface","Serializable"
"Tomcat8","1500","1","0","class","Exception"
"Tomcat8","1513","6","0","class","Reader"
"Tomcat8","1522","9","0","interface","Adapter"
"Tomcat8","1522","10","0","interface","Adapter"
"Tomcat8","1523","1","0","class","CookieProcessorBase"
"Tomcat8","1525","1","0","interface","Serializable"
"Tomcat8","1529","1","0","interface","JSONParserConstants"
"Tomcat8","1531","1","0","interface","JSONParserConstants"
"Tomcat8","1532","1","0","class","Exception"
"Tomcat8","1533","1","0","interface","java.io.Serializable"
"Tomcat8","1534","1","0","class","Error"
"Tomcat8","1536","1","0","class","PrintStream"
"Tomcat8","1538","1","0","class","FeatureInfo"
"Tomcat8","1539","1","0","interface","NotificationFilter"
"Tomcat8","1540","1","0","interface","DynamicMBean"
"Tomcat8","1540","1","1","interface","MBeanRegistration"
"Tomcat8","1540","1","2","interface","ModelMBeanNotificationBroadcaster"
"Tomcat8","1541","1","0","interface","NotificationBroadcaster"
"Tomcat8","1542","1","0","interface","Serializable"
"Tomcat8","1543","1","0","interface","java.io.Serializable"
"Tomcat8","1544","1","0","class","ModelerSource"
"Tomcat8","1545","1","0","class","ModelerSource"
"Tomcat8","1547","1","0","class","Registry"
"Tomcat8","1547","18","0","interface","MBeanServer"
"Tomcat8","1547","19","0","class","ManagedBean"
"Tomcat8","1548","1","0","class","FeatureInfo"
"Tomcat8","1549","1","0","class","FeatureInfo"
"Tomcat8","1550","1","0","class","FeatureInfo"
"Tomcat8","1551","1","0","interface","RegistryMBean"
"Tomcat8","1551","1","1","interface","MBeanRegistration"
"Tomcat8","1554","1","0","class","Throwable"
"Tomcat8","1556","1","0","class","AbstractEndpoint"
"Tomcat8","1557","1","0","interface","Runnable"
"Tomcat8","1562","1","0","class","SSLImplementation"
"Tomcat8","1563","1","0","class","X509ExtendedKeyManager"
"Tomcat8","1564","1","0","interface","SSLContext"
"Tomcat8","1565","1","0","interface","SSLSupport"
"Tomcat8","1565","1","1","interface","SSLSessionManager"
"Tomcat8","1566","1","0","class","SSLUtilBase"
"Tomcat8","1568","1","0","interface","AsynchronousByteChannel"
"Tomcat8","1570","1","0","interface","ByteChannel"
"Tomcat8","1570","1","1","interface","ScatteringByteChannel"
"Tomcat8","1570","1","2","interface","GatheringByteChannel"
"Tomcat8","1571","1","0","class","AbstractJsseEndpoint"
"Tomcat8","1571","46","0","interface","Runnable"
"Tomcat8","1571","47","0","class","SocketWrapperBase"
"Tomcat8","1571","48","0","class","SocketProcessorBase"
"Tomcat8","1571","49","0","class","SendfileDataBase"
"Tomcat8","1571","119","0","class","OperationState"
"Tomcat8","1580","1","0","interface","Serializable"
"Tomcat8","1581","1","0","interface","Serializable"
"Tomcat8","1582","1","0","interface","org.apache.tomcat.util.net.SSLContext"
"Tomcat8","1582","39","0","interface","Runnable"
"Tomcat8","1584","1","0","class","SSLImplementation"
"Tomcat8","1585","1","0","interface","SSLSessionContext"
"Tomcat8","1585","19","0","interface","Enumeration"
"Tomcat8","1587","1","0","class","SSLUtilBase"
"Tomcat8","1588","1","0","class","X509Certificate"
"Tomcat8","1589","1","0","class","Nio2Channel"
"Tomcat8","1589","19","0","interface","CompletionHandler"
"Tomcat8","1589","20","0","interface","CompletionHandler"
"Tomcat8","1589","23","0","interface","Future"
"Tomcat8","1589","36","0","interface","Future"
"Tomcat8","1589","38","0","interface","Future"
"Tomcat8","1590","1","0","class","NioChannel"
"Tomcat8","1594","1","0","interface","ServletConnection"
"Tomcat8","1597","1","0","interface","Runnable"
"Tomcat8","1599","105","0","interface","Runnable"
"Tomcat8","1599","106","0","interface","CompletionHandler"
"Tomcat8","1601","1","0","interface","Serializable"
"Tomcat8","1602","1","0","interface","Serializable"
"Tomcat8","1607","1","0","interface","SSLUtil"
"Tomcat8","1611","1","0","interface","Jar"
"Tomcat8","1614","1","0","interface","Jar"
"Tomcat8","1615","1","0","class","AbstractInputStreamJar"
"Tomcat8","1616","1","0","class","JarInputStream"
"Tomcat8","1617","1","0","interface","Jar"
"Tomcat8","1618","1","0","interface","JarScanFilter"
"Tomcat8","1619","1","0","interface","JarScanner"
"Tomcat8","1620","1","0","class","AbstractInputStreamJar"
"Tomcat8","1626","1","0","interface","PrivilegedAction"
"Tomcat8","1627","1","0","interface","PrivilegedAction"
"Tomcat8","1628","1","0","interface","PrivilegedAction"
"Tomcat8","1630","1","0","class","AbstractExecutorService"
"Tomcat8","1631","3","0","class","AbstractQueuedSynchronizer"
"Tomcat8","1633","1","0","interface","ScheduledExecutorService"
"Tomcat8","1634","1","0","class","RuntimeException"
"Tomcat8","1635","1","0","class","LinkedBlockingQueue"
"Tomcat8","1636","1","0","class","Thread"
"Tomcat8","1636","7","0","interface","Runnable"
"Tomcat8","1637","1","0","interface","ThreadFactory"
"Tomcat8","1641","1","0","interface","Comparable"
"Tomcat8","1642","1","0","interface","Comparable"
"Tomcat8","1644","10","0","interface","ThreadFactory"
"Tomcat8","1644","13","0","interface","PrivilegedAction"
"Tomcat8","1646","1","0","interface","AsyncChannelWrapper"
"Tomcat8","1646","12","0","interface","Future"
"Tomcat8","1647","1","0","interface","AsyncChannelWrapper"
"Tomcat8","1647","20","0","interface","Runnable"
"Tomcat8","1647","21","0","interface","Runnable"
"Tomcat8","1647","22","0","class","Thread"
"Tomcat8","1647","23","0","interface","Future"
"Tomcat8","1647","24","0","interface","Future"
"Tomcat8","1647","25","0","interface","ThreadFactory"
"Tomcat8","1648","1","0","class","Exception"
"Tomcat8","1652","16","0","class","Thread"
"Tomcat8","1653","1","0","class","Authenticator"
"Tomcat8","1657","1","0","class","Authenticator"
"Tomcat8","1658","1","0","interface","ClientEndpointHolder"
"Tomcat8","1659","1","0","interface","ClientEndpointHolder"
"Tomcat8","1660","1","0","interface","Future"
"Tomcat8","1660","1","1","interface","SendHandler"
"Tomcat8","1664","1","0","interface","Transformation"
"Tomcat8","1666","1","0","class","Endpoint"
"Tomcat8","1667","1","0","class","PojoEndpointBase"
"Tomcat8","1668","1","0","class","PojoEndpointBase"
"Tomcat8","1669","1","0","interface","WrappedMessageHandler"
"Tomcat8","1671","1","0","class","PojoMessageHandlerPartialBase"
"Tomcat8","1672","1","0","class","PojoMessageHandlerPartialBase"
"Tomcat8","1674","1","0","class","PojoMessageHandlerWholeBase"
"Tomcat8","1675","1","0","class","PojoMessageHandlerWholeBase"
"Tomcat8","1676","1","0","class","PojoMessageHandlerWholeBase"
"Tomcat8","1679","1","0","interface","ClientEndpointHolder"
"Tomcat8","1680","1","0","interface","ClientEndpointHolder"
"Tomcat8","1681","1","0","class","IOException"
"Tomcat8","1683","1","0","class","ServerEndpointConfig.Configurator"
"Tomcat8","1686","1","0","interface","ServletContextListener"
"Tomcat8","1687","1","0","class","GenericFilter"
"Tomcat8","1688","1","0","class","WsFrameBase"
"Tomcat8","1689","1","0","interface","HandshakeRequest"
"Tomcat8","1690","1","0","interface","InternalHttpUpgradeHandler"
"Tomcat8","1692","1","0","interface","ServerEndpointConfig"
"Tomcat8","1693","1","0","class","WsRemoteEndpointImplBase"
"Tomcat8","1693","20","0","interface","Runnable"
"Tomcat8","1694","1","0","interface","ServletContainerInitializer"
"Tomcat8","1696","1","0","interface","HttpSessionListener"
"Tomcat8","1697","1","0","interface","BackgroundProcess"
"Tomcat8","1697","11","0","interface","Comparator"
"Tomcat8","1703","1","0","class","ContainerProvider"
"Tomcat8","1704","1","0","interface","Extension"
"Tomcat8","1705","1","0","interface","Parameter"
"Tomcat8","1706","60","0","interface","Transformation"
"Tomcat8","1706","61","0","class","TerminalTransformation"
"Tomcat8","1706","62","0","class","TerminalTransformation"
"Tomcat8","1707","1","0","class","WsFrameBase"
"Tomcat8","1707","13","0","interface","CompletionHandler"
"Tomcat8","1708","1","0","interface","HandshakeResponse"
"Tomcat8","1709","1","0","class","IOException"
"Tomcat8","1710","1","0","interface","PongMessage"
"Tomcat8","1712","1","0","interface","RemoteEndpoint"
"Tomcat8","1714","1","0","interface","RemoteEndpoint"
"Tomcat8","1714","51","0","interface","SendHandler"
"Tomcat8","1714","52","0","interface","SendHandler"
"Tomcat8","1714","64","0","interface","SendHandler"
"Tomcat8","1714","65","0","interface","SendHandler"
"Tomcat8","1714","66","0","interface","SendHandler"
"Tomcat8","1714","67","0","class","OutputStream"
"Tomcat8","1714","68","0","class","Writer"
"Tomcat8","1714","72","0","interface","SendHandler"
"Tomcat8","1714","73","0","interface","SendHandler"
"Tomcat8","1715","1","0","class","WsRemoteEndpointImplBase"
"Tomcat8","1716","1","0","interface","Session"
"Tomcat8","1717","1","0","interface","WebSocketContainer"
"Tomcat8","1717","1","1","interface","BackgroundProcess"
